{"cameraMode":{"drawMode":0,"name":"Shaded","section":"Shading Mode"},"sceneLighting":false,"audioPlay":false,"sceneViewState":{"showFog":true,"showMaterialUpdate":false,"showSkybox":false,"showFlares":true,"showImageEffects":true,"showParticleSystems":true,"showVisualEffectGraphs":true,"m_FxEnabled":true},"in2DMode":false,"pivot":{"x":206.14688110351563,"y":99.44673156738281,"z":47.8187255859375},"rotation":{"x":-0.15565066039562226,"y":-0.017190266400575639,"z":0.0027090406510978939,"w":-0.9876622557640076},"size":214.36375427246095,"orthographic":false}